4844331094	エキスパートObjective-Cプログラミング －iOS/OS Xのメモリ管理とマルチスレッド－	2012-04-13T11:28:21+09:00	コンピュータ
1449388434	Programming iOS 4 (Definitive Guide)	2012-04-13T11:25:54+09:00	コンピュータ
1449312284	Designing Data Visualizations	2012-04-13T11:25:22+09:00	コンピュータ
1449308481	iOS and Sensor Apps with Arduino: Wiring the iPhone and iPad into the Internet of Things	2012-04-13T11:24:35+09:00	コンピュータ
1449306462	Social Network Analysis for Startups	2012-04-13T11:24:09+09:00	コンピュータ
1593272863	The Book of CSS3: A Developer's Guide to the Future of Web Design	2012-04-13T11:23:46+09:00	コンピュータ
144931144X	Programming Interactivity	2012-04-13T11:23:31+09:00	コンピュータ
1449303714	Machine Learning for Hackers	2012-04-13T11:22:50+09:00	コンピュータ
4479781994	歩いてまわる小さなパリ	2012-04-13T11:14:34+09:00	旅と言葉
4484107015	フィガロ ヴォヤージュ Vol.18　プロヴァンスとコートダジュールへ。（南フランスの幸せヴァカンス） (FIGARO japon voyage)	2012-04-13T11:14:03+09:00	旅と言葉
4484097044	フィガロ ヴォヤージュ Vol.17　アンダルシアとトスカーナへ。（スペインとイタリアの小さな町） (FIGARO japon voyage)	2012-04-13T11:13:43+09:00	
4766120965	デザインのひきだし 9―プロなら知っておきたいデザイン・印刷・紙・加工の実践情報誌	2012-04-13T11:13:29+09:00	美術・デザイン
1466208686	Cracking the Coding Interview: 150 Programming InterviewQuestions and Solutions	2012-04-13T11:13:00+09:00	コンピュータ
4274067556	プログラマのための論理パズル 難題を突破する論理思考トレーニング	2012-04-13T11:12:40+09:00	コンピュータ
4839931992	プログラミングコンテストチャレンジブック	2012-04-13T11:12:33+09:00	コンピュータ
4885547466	電子回路入門講座―アナログ・ディジタルからセンサ・制御回路まで	2012-04-13T11:12:06+09:00	FAB
4774143073	[Web開発者のための]大規模サービス技術入門 ―データ構造、メモリ、OS、DB、サーバ/インフラ (WEB+DB PRESS plusシリーズ)	2012-04-13T11:08:56+09:00	コンピュータ
4774135666	[24時間365日] サーバ/インフラを支える技術 ‾スケーラビリティ、ハイパフォーマンス、省力運用 (WEB+DB PRESS plusシリーズ)	2012-04-13T11:08:55+09:00	コンピュータ
4798110590	プロセス オブ ウェブデザイン 企画からデザインへ 落とし込みの技術	2012-04-13T11:08:27+09:00	美術・デザイン
4862671233	ウェブの仕事力が上がる標準ガイドブック 3　Webディレクション 第2版	2012-04-13T11:08:00+09:00	ビジネス
4844328301	ビジネスパーソンのための次世代Web戦略	2012-04-13T11:07:32+09:00	ビジネス
1449399088	Programming HTML5 Applications: Building Powerful Cross-Platform Environments in Javascript	2012-04-12T20:19:15+09:00	コンピュータ
4873114705	入門 自然言語処理	2012-04-12T20:18:40+09:00	コンピュータ
1449320511	Html5 Architecture	2012-04-12T20:18:17+09:00	コンピュータ
1449307078	Making Things See: 3D Vision With Kinect, Processing, Arduino, and MakerBot (Make: Books)	2012-04-12T20:17:46+09:00	コンピュータ
0596527349	Information Architecture for the World Wide Web	2012-04-12T20:17:28+09:00	コンピュータ
1449397670	Gamification by Design: Implementing Game Mechanics in Web and Mobile Apps	2012-04-12T20:16:44+09:00	コンピュータ
0201749629	Effective STL: 50 Specific Ways to Improve Your Use of the Standard Template Library (Addison-Wesley Professional Computing Series)	2012-04-12T20:16:18+09:00	コンピュータ
0231158386	Designing for Growth: A Design Thinking Tool Kit for Managers (Columbia Business School Publishing)	2012-04-12T20:14:07+09:00	ビジネス
4862671136	フィジカルコンピューティングを「仕事」にする	2012-04-12T20:13:27+09:00	コンピュータ
1935182625	Generative Art: A Practical Guide Using Processing	2012-04-12T20:04:10+09:00	コンピュータ
0071470360	Electronics Sensors for the Evil Genius: 54 Electrifying Projects	2012-04-12T19:56:50+09:00	FAB
4873114535	Prototyping Lab ―「作りながら考える」ためのArduino実践レシピ (Make:PROJECTS)	2012-04-12T19:06:10+09:00	FAB
0470040467	Weather Toys: Building and Hacking Your Own 1-Wire Weather Station (Extremetech Series)	2012-04-12T19:05:51+09:00	コンピュータ
441530270X	いちばんやさしいフランス料理	2012-04-12T19:04:38+09:00	グルメ・料理
4532167221	ワインごはん	2012-04-12T19:04:24+09:00	グルメ・料理
4388060615	決定版 ビストロレシピ	2012-04-12T19:04:03+09:00	グルメ・料理
426212973X	ワイン食堂　和食もおいしい献立＆おつまみ104	2012-04-12T19:03:42+09:00	グルメ・料理
4395241220	Rhinoceros + Grasshopper建築デザイン実践ハンドブック (建築文化シナジー)	2012-04-12T19:02:37+09:00	コンピュータ
4478017972	人を助けるすんごい仕組み――ボランティア経験のない僕が、日本最大級の支援組織をどうつくったのか	2012-04-12T19:02:14+09:00	ビジネス
4844520121	メカニズムの事典―機械の素・改題縮刷版	2012-04-12T19:01:20+09:00	FAB
1430224894	Build Your Own CNC Machine (Technology in Action)	2012-04-12T18:59:27+09:00	FAB
193398869X	Secrets of the Javascript Ninja	2012-04-12T18:58:57+09:00	コンピュータ
0596804172	Gamestorming: A Playbook for Innovators, Rulebreakers, and Changemakers	2012-04-12T18:58:33+09:00	ビジネス
0521772877	An Introduction to Probability and Inductive Logic	2012-04-12T18:58:04+09:00	社会・哲学
0321502795	OpenGL® ES 2.0 Programming Guide	2012-04-12T18:57:11+09:00	コンピュータ
0307888908	The Start-up of You: Adapt to the Future, Invest in Yourself, and Transform Your Career	2012-04-12T18:56:07+09:00	ビジネス
4861007801	Pd Recipe Book -Pure Dataではじめるサウンドプログラミング(単行本)	2012-04-12T18:54:16+09:00	コンピュータ
1449314902	Making Musical Apps: Real-time Audio Synthesis on Android and Ios	2012-04-12T18:54:09+09:00	コンピュータ
0321733010	Clout: The Art and Science of Influential Web Content (Voices That Matter)	2012-04-12T18:53:27+09:00	ビジネス
1846688914	How Bad are Bananas?: The Carbon Footprint of Everything	2012-04-12T18:52:59+09:00	社会・哲学
1607730669	42 Rules for a Web Presence That Wins: Essential Business Strategy for Website and Social Media Success	2012-04-12T18:52:42+09:00	ビジネス
1439170428	Little Bets: How Breakthrough Ideas Emerge from Small Discoveries	2012-04-12T18:52:14+09:00	ビジネス
0321808304	Content Strategy for the Web (2nd Edition) (Voices That Matter)	2012-04-12T18:51:47+09:00	ビジネス
0759285780	Showstopper! the Breakneck Race to Create Windows NT and the Next Generation at Microsoft	2012-04-12T18:51:20+09:00	ビジネス
1451648537	Steve Jobs	2012-04-12T18:50:17+09:00	ビジネス
0071741674	Making Things Move DIY Mechanisms for Inventors, Hobbyists, and Artists	2012-04-12T18:49:22+09:00	FAB
4101131597	楡家の人びと 第3部 (新潮文庫 き 4-59)	2012-04-12T18:48:49+09:00	小説
4101131570	楡家の人びと 第1部 (新潮文庫 き 4-57)	2012-04-12T18:48:47+09:00	小説
4101131589	楡家の人びと 第2部 (新潮文庫 き 4-58)	2012-04-12T18:48:46+09:00	小説
3899553314	A Touch of Code: Interactive Installations and Experiences	2012-04-12T18:48:15+09:00	美術・デザイン
1568989369	Visual Complexity: Mapping Patterns of Information	2012-04-12T18:48:03+09:00	美術・デザイン
1118156315	Business Model You: A One-Page Method For Reinventing Your Career	2012-04-12T18:47:45+09:00	ビジネス
4087823792	岸辺露伴 ルーヴルへ行く (愛蔵版コミックス)	2012-04-12T18:46:48+09:00	漫画
4903951480	はじめての編集 [単行本]	2012-04-12T18:46:34+09:00	美術・デザイン
4309462898	南仏プロヴァンスの昼さがり (河出文庫)	2012-04-12T18:45:40+09:00	旅と言葉
4309461522	南仏プロヴァンスの木陰から (河出文庫)	2012-04-12T18:45:10+09:00	旅と言葉
4309461492	南仏プロヴァンスの12か月 (河出文庫)	2012-04-12T18:44:54+09:00	旅と言葉
487758658X	おかずとご飯の本	2011-05-09T23:21:55+09:00	
4004150930	知的生産の技術 (岩波新書)	2011-05-09T23:20:55+09:00	
4306094111	内藤廣と若者たち―人生をめぐる一八の対話	2011-05-09T23:20:37+09:00	
0811878805	The Moustache Grower's Guide	2011-05-05T00:35:06+09:00	美術・デザイン
1440504563	The Lazy Intellectual: Maximum Knowledge, Minimal Effort	2011-05-05T00:34:01+09:00	社会・哲学
0521388848	The Taming of Chance (Ideas in Context)	2011-05-05T00:33:03+09:00	社会・哲学
4534045727	ひらめきを計画的に生み出す デザイン思考の仕事術	2011-05-05T00:31:29+09:00	ビジネス
4152087994	デザイン思考の道具箱―イノベーションを生む会社のつくり方	2011-05-05T00:30:56+09:00	ビジネス
0756657989	Great Beers: 700 of the Best from Around the World	2011-05-05T00:30:01+09:00	グルメ・料理
4104645036	四畳半王国見聞録	2011-05-05T00:29:27+09:00	小説
408771358X	フイヤン派の野望 (小説フランス革命 6)	2011-05-05T00:28:55+09:00	小説
4861006708	Beyond Interaction ―メディアアートのためのopenFrameworksプログラミング入門	2011-05-05T00:28:08+09:00	コンピュータ
1568984308	You Are Here: Personal Geographies and Other Maps of the Imagination	2011-05-05T00:27:14+09:00	美術・デザイン
9889959194	What Do You Love?	2011-05-05T00:25:03+09:00	美術・デザイン
0061748366	The Visual Miscellaneum: A Colorful Guide to the World's Most Consequential Trivia	2011-05-05T00:24:08+09:00	美術・デザイン
006182660X	Everything Explained Through Flowcharts: All of Life's Mysteries Unraveled, Including Tips for World Domination, Which Religion Offers the Best Afterlife, Alien Pickup Lines, and the Secret Recipe for Gettin' Laid Lemonade	2011-05-05T00:21:51+09:00	美術・デザイン
0262014858	Designing Media	2011-05-05T00:21:19+09:00	美術・デザイン
0961392118	Envisioning Information	2011-05-05T00:19:50+09:00	美術・デザイン
1449389716	Make: Arduino Bots and Gadgets: Learning by Discovery	2011-05-05T00:18:16+09:00	コンピュータ
0596526784	Bash Cookbook: Solutions And Examples for Bash Users (Cookbooks)	2011-05-05T00:17:48+09:00	コンピュータ
059680279X	High Performance JavaScript (Build Faster Web Application Interfaces)	2011-05-05T00:17:26+09:00	コンピュータ
0596809158	R Cookbook (O'Reilly Cookbooks)	2011-05-05T00:17:01+09:00	コンピュータ
1593272839	Learn You a Haskell for Great Good!: A Beginner's Guide	2011-05-05T00:16:41+09:00	コンピュータ
0596158106	Programming Python	2011-05-05T00:16:13+09:00	コンピュータ
0596157606	HTML & CSS: The Good Parts	2011-05-05T00:15:33+09:00	コンピュータ
0596805527	Javascript: The Definitive Guide (Definitive Guides)	2011-05-05T00:14:35+09:00	コンピュータ
0596101996	Javascript: The Definitive Guide	2011-05-05T00:14:22+09:00	コンピュータ
0596802471	Arduino Cookbook	2011-05-05T00:12:13+09:00	コンピュータ
0596802277	Search Patterns (Design for Disciple-Making)	2011-05-05T00:11:55+09:00	コンピュータ
1449303161	21 Recipes for Mining Twitter	2011-05-05T00:11:33+09:00	コンピュータ
1449303145	Data Source Handbook	2011-05-05T00:11:11+09:00	コンピュータ
1449381650	Tapworthy: Designing Great iPhone Apps	2011-02-03T00:39:25+09:00	コンピュータ
1449388345	Mining the Social Web	2011-02-03T00:38:51+09:00	コンピュータ
0596802358	Data Analysis with Open Source Tools	2011-02-03T00:38:33+09:00	コンピュータ
1449388221	iOS 4 Programming Cookbook	2011-02-03T00:35:57+09:00	コンピュータ
0375757929	John Barleycorn (Modern Library Classics)	2011-02-01T16:19:49+09:00	小説
1568989695	Thinking with Type, 2nd revised and expanded edition: A Critical Guide for Designers, Writers, Editors, & Students (Design Briefs)	2011-02-01T16:18:35+09:00	美術・デザイン
0321534921	Designing for the Social Web (Voices That Matter)	2011-01-24T11:38:43+09:00	コンピュータ
0123748992	Smart Things: Ubiquitous Computing User Experience Design	2011-01-24T11:37:35+09:00	コンピュータ
0618465278	Building Big	2011-01-24T11:37:18+09:00	土木・建築・都市
037570468X	Speak American: A Survival Guide to the Language and Culture of the U.S.A.	2011-01-24T11:36:32+09:00	旅と言葉
0982617801	Compelling Conversations	2011-01-24T11:35:47+09:00	旅と言葉
0844257796	NTC's Dictionary of Everyday American English Expressions (McGraw-Hill ESL References)	2011-01-24T11:35:19+09:00	旅と言葉
0393072959	The Wall Street Journal Guide to Information Graphics: The Dos and Don'ts of Presenting Data, Facts, and Figures	2011-01-24T11:32:55+09:00	美術・デザイン
0596807732	Building Wireless Sensor Networks	2011-01-16T15:26:23+09:00	コンピュータ
0393334791	Bonk: The Curious Coupling of Science and Sex	2011-01-16T15:25:26+09:00	科学
0618240349	Mosque	2011-01-16T15:24:41+09:00	土木・建築・都市
1416571728	Ratio: The Simple Codes Behind the Craft of Everyday Cooking	2011-01-16T15:23:43+09:00	グルメ・料理
0596805888	Cooking for Geeks: Real Science, Great Hacks, and Good Food	2011-01-16T15:22:39+09:00	グルメ・料理
0143116371	The Sartorialist	2011-01-16T15:21:48+09:00	美術・デザイン
0811876446	642 Things to Draw: Journal	2011-01-16T15:21:23+09:00	美術・デザイン
0972363254	Wine Tasting Notebook	2011-01-16T15:20:50+09:00	グルメ・料理
0596153740	Make: Electronics: Learn by Discovery	2011-01-02T17:04:13+09:00	コンピュータ
0596510519	Making Things Talk	2011-01-02T17:03:47+09:00	コンピュータ
007174133X	30 Arduino Projects for the Evil Genius	2011-01-02T17:03:29+09:00	コンピュータ
0713686723	How to Read Buildings: A Crash Course in Architecture	2011-01-02T17:03:07+09:00	土木・建築・都市
0312421273	The Corrections (Recent Picador Highlights)	2011-01-02T17:01:22+09:00	小説
0307387941	Zeitoun (Vintage)	2011-01-02T17:00:50+09:00	小説
0811840867	Window Seat: Reading the Landscape from the Air	2010-11-05T12:19:19+09:00	旅と言葉
4876151105	3文型で広がる 日常英会話ネイティブの公式	2010-11-05T12:19:00+09:00	旅と言葉
1856695735	Fashion A to Z: An Illustrated Dictionary	2010-11-05T12:17:35+09:00	美術・デザイン
4876151407	タイトル:英会話フレーズ600/サブタイトル:ネイティブならこう言う! (＜ＣＤ＋テキスト＞)	2010-11-05T12:16:04+09:00	旅と言葉
0596806159	Building the Realtime User Experience	2010-11-05T12:14:34+09:00	コンピュータ
0596159773	jQuery Cookbook	2010-11-05T12:12:32+09:00	コンピュータ
0596806752	JavaScript Patterns	2010-11-05T12:12:06+09:00	コンピュータ
0596806027	HTML5: Up and Running	2010-11-05T12:11:44+09:00	コンピュータ
0596517742	JavaScript: The Good Parts	2010-11-05T12:11:10+09:00	コンピュータ
0984074406	What I Eat: Around the World in 80 Diets	2010-11-05T12:10:30+09:00	グルメ・料理
0321580060	Designful Company, The: How to build a culture of nonstop innovation (Voices That Matter)	2010-10-02T12:12:18+09:00	ビジネス
1400064287	Made to Stick: Why Some Ideas Survive and Others Die	2010-10-02T12:11:56+09:00	ビジネス
1422124819	Seizing the White Space: Business Model Innovation for Growth and Renewal	2010-10-02T12:11:03+09:00	ビジネス
013714234X	Wired to Care: How Companies Prosper When They Create Widespread Empathy	2010-10-02T12:10:36+09:00	ビジネス
014028852X	Difficult Conversations: How to Discuss What Matters Most	2010-10-02T12:09:15+09:00	
1568989377	Form+Code in Design, Art, and Architecture (Design Briefs)	2010-10-02T12:07:49+09:00	美術・デザイン
159863268X	Rapid Viz: A new method for the rapid visualization of ideas	2010-10-02T12:07:19+09:00	美術・デザイン
1592536271	Information Design Workbook: Graphic Approaches, Solutions, and Inspiration + 30 Case Studies	2010-10-02T12:06:58+09:00	美術・デザイン
0061662577	Show Me How: 500 Things You Should Know Instructions for Life From the Everyday to the Exotic	2010-10-02T12:06:26+09:00	美術・デザイン
0470876417	Business Model Generation: A Handbook for Visionaries, Game Changers, and Challengers	2010-10-02T12:06:09+09:00	ビジネス
0141041331	Justice: What's the Right Thing to Do?	2010-09-02T08:06:38+09:00	社会・哲学
0470487240	Frommer's San Francisco 2010 (Frommer's Complete Guides)	2010-09-02T08:06:01+09:00	旅と言葉
0446310786	To Kill a Mockingbird	2010-09-02T07:37:14+09:00	小説
0071636080	The Presentation Secrets of Steve Jobs: How to Be Insanely Great in Front of Any Audience	2010-09-02T07:36:46+09:00	ビジネス
4167773686	街場のアメリカ論 (文春文庫)	2010-08-22T19:23:14+09:00	社会・哲学
0596523009	Ruby Best Practices	2010-08-22T19:21:47+09:00	コンピュータ
0596510047	Beautiful Code: Leading Programmers Explain How They Think (Theory in Practice (O'Reilly))	2010-08-22T19:21:10+09:00	コンピュータ
059651624X	Algorithms in a Nutshell	2010-08-22T19:20:49+09:00	コンピュータ
4043620020	巷説百物語 (角川文庫)	2010-08-22T19:20:12+09:00	小説
4043620012	嗤う伊右衛門 (角川文庫)	2010-08-14T17:58:09+09:00	小説
4757415966	起きてから寝るまで英語表現700　完全改訂版	2010-08-14T17:56:15+09:00	旅と言葉
0316036145	Connected: The Surprising Power of Our Social Networks and How They Shape Our Lives	2010-08-11T00:09:32+09:00	社会・哲学
4167773899	黒い悪魔 (文春文庫)	2010-08-11T00:09:09+09:00	小説
1449379869	Beautiful Visualization	2010-08-07T14:16:17+09:00	コンピュータ
4063143589	ヒストリエ（1） (アフタヌーンKC)	2010-08-07T14:14:07+09:00	漫画
4757744234	デボネア・ドライブ 1 (BEAM COMIX)	2010-08-07T14:13:23+09:00	
4767809185	住まいの解剖図鑑	2010-08-01T22:58:07+09:00	土木・建築・都市
4167788012	ザ・万歩計 (文春文庫)	2010-07-18T23:52:19+09:00	旅と言葉
4872751620	著書解題 ―― 内藤廣対談集2	2010-07-18T23:51:20+09:00	
1422139778	The Opposable Mind: Winning Through Integrative Thinking	2010-07-10T10:56:03+09:00	ビジネス
4903738191	語源の底力 -- 「借り物の単語力」から「ホンモノの単語力」へ	2010-07-10T10:55:24+09:00	旅と言葉
020530902X	The Elements of Style, Fourth Edition	2010-07-07T15:18:39+09:00	旅と言葉
4484881179	「A」タイム―時間管理のスーパーテクニック	2010-07-07T15:16:56+09:00	ビジネス
0061766089	Change by Design: How Design Thinking Transforms Organizations and Inspires Innovation	2010-06-30T22:58:09+09:00	ビジネス
4413042646	その英語、ネイティブはカチンときます (青春新書INTELLIGENCE)	2010-06-30T22:57:29+09:00	旅と言葉
4903738159	aとtheの底力 -- 冠詞で見えるネイティブスピーカーの世界	2010-06-30T22:57:17+09:00	旅と言葉
4478005966	自分をグローバル化する仕事術	2010-06-30T22:50:20+09:00	ビジネス
457551344X	告白 (双葉文庫) (双葉文庫 み 21-1)	2010-06-27T14:28:51+09:00	
4087496732	オーパ、オーパ!! モンゴル・中国篇 スリランカ篇 (集英社文庫)	2010-06-19T04:09:29+09:00	旅と言葉
B003OADQBS	週刊 東洋経済 2010年 6/19号 [雑誌]	2010-06-19T04:08:26+09:00	
B003O9D9UM	BRUTUS (ブルータス) 2010年 7/1号 [雑誌]	2010-06-18T21:40:20+09:00	
B002RBZ8CK	AXIS ( アクシス ) 2009年 12月号 [雑誌]	2010-06-17T19:25:09+09:00	美術・デザイン
482228266X	コンピュータの構成と設計~ハードウエアとソフトウエアのインタフェース 第3版 (上)	2010-06-14T13:26:38+09:00	コンピュータ
1422177807	The Design of Business: Why Design Thinking Is the Next Competitive Advantage	2010-06-14T13:15:07+09:00	ビジネス
0071410945	A Technique for Producing Ideas (Advertising Age Classics Library)	2010-06-14T13:14:30+09:00	
4789011127	面接の英語	2010-06-09T22:05:11+09:00	ビジネス
4048740636	ペンギン・ハイウェイ	2010-06-06T12:38:46+09:00	小説
4056058180	大人の科学マガジン Vol.27(8ビットマイコン) (Gakken Mook)	2010-06-06T12:38:22+09:00	コンピュータ
4023304778	たった一人で組織を動かす 新・プラットフォーム思考	2010-06-06T12:37:50+09:00	ビジネス
4897978440	iPhoneプログラミングUIKit詳解リファレンス	2010-04-29T20:10:50+09:00	コンピュータ
4198627312	神去なあなあ日常	2010-04-18T12:35:18+09:00	小説
4344414667	鹿男あをによし (幻冬舎文庫)	2010-04-18T12:34:50+09:00	小説
4091316808	雨無村役場産業課兼観光係 1 (フラワーコミックス)	2010-04-18T12:34:15+09:00	漫画
4062155222	アラマタ人物伝	2010-04-18T12:32:19+09:00	社会・哲学
4822262359	ベンダー・マネジメントの極意―プロジェクトを成功に導く外注管理	2010-04-14T14:08:58+09:00	ビジネス
408771344X	王の逃亡 (小説フランス革命 5)	2010-04-04T22:53:29+09:00	小説
408771313X	議会の迷走 (小説フランス革命 4)	2010-04-04T22:53:00+09:00	
408771280X	聖者の戦い (小説フランス革命 3)	2010-04-04T22:52:49+09:00	小説
4087712710	バスティーユの陥落 (小説フランス革命 2)	2010-04-04T22:52:35+09:00	小説
4087712176	革命のライオン (小説フランス革命 1)	2010-03-31T22:24:31+09:00	小説
4088700155	バクマン。 7 (ジャンプコミックス)	2010-03-31T22:24:05+09:00	漫画
4274067939	情熱プログラマー ソフトウェア開発者の幸せな生き方	2010-03-29T07:34:27+09:00	コンピュータ
4862460232	空間的データ構造とアルゴリズム	2010-03-29T07:33:23+09:00	コンピュータ
4484101017	20歳のときに知っておきたかったこと スタンフォード大学集中講義	2010-03-29T07:30:15+09:00	ビジネス
4822247813	アイデアは考えるな。	2010-03-29T07:28:59+09:00	
4153200093	グーグル時代の情報整理術 (ハヤカワ新書juice)	2010-03-29T07:28:27+09:00	
4087471985	夏と花火と私の死体 (集英社文庫)	2010-03-24T23:21:30+09:00	小説
4047261270	テルマエ・ロマエ I (BEAM COMIX)	2010-03-24T23:21:00+09:00	漫画
4063144232	ヴィンランド・サガ（1） (アフタヌーンKC)	2010-03-24T23:20:38+09:00	漫画
4087465446	少年少女漂流記 (集英社文庫)	2010-03-22T17:08:30+09:00	漫画
4253232248	シグルイ 14 (チャンピオンREDコミックス)	2010-03-22T17:07:44+09:00	漫画
4023304794	勝利は10%から積み上げる	2010-03-19T22:44:29+09:00	囲碁
493900791X	ゲームプログラミングのためのリアルタイム衝突判定	2010-03-19T22:29:59+09:00	コンピュータ
1933988606	DSLs in Boo: Domain-specific Languages in .net	2010-03-13T11:52:11+09:00	コンピュータ
4798119415	初めての人のためのLISP[増補改訂版]	2010-03-13T11:51:21+09:00	コンピュータ
4798023809	入門Git	2010-03-12T20:27:31+09:00	コンピュータ
4873114233	Real World Haskell―実戦で学ぶ関数型言語プログラミング	2010-03-12T20:26:45+09:00	コンピュータ
4877586806	今日のおかず	2010-03-07T22:37:22+09:00	グルメ・料理
4839933545	野菜がたくさん食べられるキッシュの本 ~おもてなしの料理に、およばれの手土産に。~	2010-03-07T22:36:43+09:00	グルメ・料理
4105900811	シンメトリーの地図帳 (新潮クレスト・ブックス)	2010-03-07T22:35:57+09:00	科学
4822234312	まつもとゆきひろ コードの世界‾スーパー・プログラマになる14の思考法	2010-03-07T22:35:02+09:00	コンピュータ
4414304164	影響力の武器[第二版]―なぜ、人は動かされるのか	2010-03-07T22:34:31+09:00	ビジネス
4334034446	ウチのシステムはなぜ使えない　SEとユーザの失敗学 (光文社新書)	2010-03-07T22:33:47+09:00	ビジネス
4153200115	小さなチーム、大きな仕事―37シグナルズ成功の法則 (ハヤカワ新書juice)	2010-02-23T01:46:10+09:00	ビジネス
4873114306	ビューティフルアーキテクチャ (Ｔｈｅｏｒｙ　ｉｎ　ｐｒａｃｔｉｃｅ)	2010-02-17T00:48:03+09:00	コンピュータ
4774120413	便利なツール Emacsらくらく入門	2010-02-13T12:10:14+09:00	コンピュータ
4873113989	Arduinoをはじめよう (Make:PROJECTS)	2010-02-13T12:09:33+09:00	コンピュータ
4873113725	Prototype & script.aculo.us ―JavaScriptライブラリによるAjaxアプリケーション開発	2010-02-13T12:06:12+09:00	コンピュータ
475611895X	プログラミング言語C++ (アスキーアジソンウェスレイシリーズ―Ascii Addison Wesley programming series)	2010-02-13T11:47:13+09:00	コンピュータ
4881358367	UMLによる統一ソフトウェア開発プロセス―オブジェクト指向開発方法論 (Object oriented selection)	2010-02-13T11:44:46+09:00	コンピュータ
4881358642	UMLモデリングのエッセンス―標準オブジェクトモデリング言語入門 (Object oriented selection)	2010-02-13T11:43:16+09:00	コンピュータ
4822280748	IPルーティング徹底解説	2010-02-13T11:42:11+09:00	コンピュータ
4756132545	オブジェクト指向スクリプト言語 Ruby (ASCII SOFTWARE SCIENCE Language)	2010-02-13T11:41:16+09:00	コンピュータ
4873113164	デザイニング・インターフェース ―パターンによる実践的インタラクションデザイン	2010-02-13T11:39:24+09:00	コンピュータ
4797311126	オブジェクト指向における再利用のためのデザインパターン	2010-02-13T11:38:49+09:00	コンピュータ
4894712288	リファクタリング―プログラムの体質改善テクニック (Object Technology Series)	2010-02-13T11:38:20+09:00	コンピュータ
4320025377	コンサルタントの秘密―技術アドバイスの人間学	2010-02-13T11:37:12+09:00	ビジネス
4774136182	C言語によるはじめてのアルゴリズム入門 改訂第3版	2010-02-12T00:19:09+09:00	コンピュータ
4140814047	フリー~〈無料〉からお金を生みだす新戦略	2010-02-12T00:18:08+09:00	ビジネス
4797340045	Rubyレシピブック 第2版 268の技	2010-02-09T01:47:39+09:00	コンピュータ
4797336625	Railsレシピブック 183の技	2010-02-09T01:47:11+09:00	コンピュータ
4873114004	Railsデプロイ	2010-02-09T01:46:59+09:00	コンピュータ
4873113946	プログラミング言語 Ruby	2010-02-09T01:46:24+09:00	コンピュータ
419210010X	ワイド版 風の谷のナウシカ7巻セット「トルメキア戦役バージョン」 (アニメ－ジュ・コミックス・ワイド版)	2010-02-07T22:11:16+09:00	漫画
4873114160	エンタープライズ Rails ―企業ユーザのためのWebアプリケーション設計術	2010-02-07T22:09:47+09:00	コンピュータ
4274067858	RailsによるアジャイルWebアプリケーション開発 第3版	2010-01-16T12:15:21+09:00	コンピュータ
0486266397	Mathographics	2010-01-02T11:48:46+09:00	美術・デザイン
4789724603	暮らしの哲学―やったら楽しい101題 (ヴィレッジブックス)	2009-12-19T09:05:40+09:00	社会・哲学
4894714922	はじめての数論 原著第3版―発見と証明の大航海‐ピタゴラスの定理から楕円曲線まで	2009-12-19T08:17:06+09:00	科学
4105900498	素数の音楽 (新潮クレスト・ブックス)	2009-12-19T08:16:34+09:00	科学
404874013X	天地明察	2009-12-04T00:47:23+09:00	小説
4106103362	日本辺境論 (新潮新書)	2009-11-27T23:28:07+09:00	社会・哲学
4797337036	Linuxサーバ セキュリティのポイントと対策	2009-11-26T00:40:05+09:00	コンピュータ
143022357X	iPhone Cool Projects	2009-11-01T20:51:27+09:00	コンピュータ
4861006414	Dynamic Objective-C	2009-10-21T23:02:58+09:00	コンピュータ
4043707037	疲れすぎて眠れぬ夜のために (角川文庫)	2009-10-17T19:18:41+09:00	社会・哲学
4043707010	ためらいの倫理学―戦争・性・物語 (角川文庫)	2009-10-17T19:18:32+09:00	社会・哲学
4166602519	寝ながら学べる構造主義 (文春新書)	2009-10-17T19:17:47+09:00	社会・哲学
4101180318	すべては一杯のコーヒーから (新潮文庫)	2009-10-12T20:49:08+09:00	ビジネス
4797350199	The Root of .NET Framework	2009-10-16T22:43:19+09:00	コンピュータ
4274065979	ハッカーと画家 コンピュータ時代の創造者たち	2009-10-12T20:26:25+09:00	コンピュータ
4274066304	Joel on Software	2009-10-12T20:25:54+09:00	コンピュータ
4894712741	達人プログラマー―システム開発の職人から名匠への道	2009-10-17T19:23:35+09:00	コンピュータ
4309908411	+81〈VOL.45〉	2009-10-12T21:02:44+09:00	美術・デザイン
4873114144	実用 Subversion 第2版	2009-10-12T20:27:31+09:00	コンピュータ
4763009249	骨―第5回企画展「骨」展展覧会カタログ 山中俊治ディレクション	2009-10-12T20:34:28+09:00	美術・デザイン
0321125215	Domain-Driven Design: Tackling Complexity in the Heart of Software	2009-10-12T20:28:31+09:00	コンピュータ
0596157118	Beautiful Data: The Stories Behind Elegant Data Solutions	2009-10-12T20:29:08+09:00	コンピュータ
0131495054	xUnit Test Patterns: Refactoring Test Code (Addison-Wesley Signature Series (Fowler))	2009-10-12T20:29:18+09:00	コンピュータ
0596154143	Programming Interactivity: A Designer's Guide to Processing, Arduino, and OpenFrameworks	2009-10-12T20:29:31+09:00	コンピュータ
4487803403	焼肉手帳	2009-10-12T20:27:24+09:00	グルメ・料理
4820745700	絵でみる 在庫管理のしくみ (絵でみるシリーズ)	2009-10-12T20:53:35+09:00	ビジネス
0596516134	Learning OpenCV	2009-10-12T20:30:54+09:00	コンピュータ
4873113679	初めてのRuby	2009-10-12T20:25:36+09:00	コンピュータ
4839924023	アジャイルな見積りと計画づくり ~価値あるソフトウェアを育てる概念と技法~	2009-10-12T20:27:54+09:00	コンピュータ
4798116831	レガシーコード改善ガイド (Object Oriented SELECTION)	2009-10-12T20:31:28+09:00	コンピュータ
4047101885	創造はシステムである 「失敗学」から「創造学」へ (角川oneテーマ21)	2009-10-12T20:49:20+09:00	ビジネス
4798105538	エンタープライズ アプリケーションアーキテクチャパターン (Object Oriented Selection)	2009-10-12T20:28:08+09:00	コンピュータ
4873113857	Subject To Change ―予測不可能な世界で最高の製品とサービスを作る	2009-10-12T20:40:23+09:00	コンピュータ
4416606109	SCHOOL OF DESIGN(スクール オブ デザイン)	2009-10-16T22:39:58+09:00	美術・デザイン
3899552172	Data Flow: Visualising Information in Graphic Design	2009-10-12T20:51:48+09:00	美術・デザイン
159200346X	Physical Computing: Sensing and Controlling the Physical World with Computers	2009-10-12T20:50:56+09:00	コンピュータ
447837483X	マッキンゼー ITの本質 情報システムを活かした「業務改革」で利益を創出する (The McKinsey anthology)	2009-10-12T20:48:47+09:00	ビジネス
4270004363	人は意外に合理的 新しい経済学で日常生活を読み解く	2009-10-12T23:02:00+09:00	科学
4314010479	経済は感情で動く―― はじめての行動経済学	2009-10-12T21:07:37+09:00	科学
4309908195	+81 Vol.43	2009-10-12T21:03:13+09:00	美術・デザイン
4839912475	DirectX 9 シェーダプログラミングブック	2009-10-12T23:02:38+09:00	コンピュータ
4774134325	Googleを支える技術 ‾巨大システムの内側の世界 (WEB+DB PRESSプラスシリーズ)	2009-10-16T22:41:20+09:00	コンピュータ
4873112982	Make: Technology on Your Time Volume 01	2009-10-16T22:50:33+09:00	コンピュータ
4274067335	+GAINER―PHYSICAL COMPUTING WITH GAINER	2009-10-12T21:01:52+09:00	コンピュータ
0596529325	Programming Collective Intelligence: Building Smart Web 2.0 Applications	2009-10-12T20:30:09+09:00	コンピュータ
4873113954	アート・オブ・アジャイル デベロップメント ―組織を成功に導くエクストリームプログラミング (Ｔｈｅｏｒｙ　ｉｎ　ｐｒａｃｔｉｃｅ)	2009-10-12T20:26:58+09:00	コンピュータ
4167590034	セーラー服とエッフェル塔 (文春文庫)	2009-10-16T23:36:16+09:00	社会・哲学
4480062858	ウェブ進化論 本当の大変化はこれから始まる (ちくま新書)	2009-10-16T23:39:13+09:00	社会・哲学
4062752921	藤田嗣治「異邦人」の生涯 (講談社文庫)	2009-10-16T23:37:47+09:00	美術・デザイン
4872574605	反社会学講座	2009-10-16T23:42:55+09:00	社会・哲学
4004202280	エッフェル塔ものがたり (岩波新書 黄版 228)	2009-10-16T23:41:30+09:00	土木・建築・都市
4794963688	就職しないで生きるには	2009-10-16T23:38:20+09:00	ビジネス
4101465223	魔女の1ダース―正義と常識に冷や水を浴びせる13章 (新潮文庫)	2009-10-16T23:40:48+09:00	旅と言葉
4087201937	日朝関係の克服 ―なぜ国交正常化交渉が必要なのか (集英社新書)	2009-10-16T23:40:07+09:00	ビジネス
4087201279	貧困の克服 ―アジア発展の鍵は何か (集英社新書)	2009-10-16T23:39:56+09:00	社会・哲学
4140018933	身体感覚を取り戻す―腰・ハラ文化の再生 (NHKブックス)	2009-10-16T23:38:54+09:00	科学
4140017406	言語を生みだす本能〈上〉 (NHKブックス)	2009-10-16T23:38:44+09:00	科学
4102052119	予告された殺人の記録 (新潮文庫)	2009-10-16T23:33:22+09:00	小説
4102114033	ペスト (新潮文庫)	2009-10-16T23:32:55+09:00	小説
4102114017	異邦人 (新潮文庫)	2009-10-16T23:32:49+09:00	小説
4151200088	生は彼方に (ハヤカワepi文庫)	2009-10-16T23:32:36+09:00	小説
4087603512	存在の耐えられない軽さ (集英社文庫)	2009-10-16T23:32:28+09:00	小説
4167105764	坂の上の雲〈1〉 (文春文庫)	2009-10-16T23:31:56+09:00	小説
4167105926	ペルシャの幻術師 (文春文庫)	2009-10-16T23:31:29+09:00	小説
4167717727	ベルカ、吠えないのか? (文春文庫)	2009-10-16T23:31:15+09:00	小説
4101117187	破船 (新潮文庫)	2009-10-16T23:30:48+09:00	小説
4043434049	LOVE (角川文庫)	2009-10-16T23:30:37+09:00	旅と言葉
4003243404	トニオ・クレエゲル (岩波文庫)	2009-10-16T23:29:24+09:00	小説
410124801X	若き数学者のアメリカ (新潮文庫)	2009-10-16T23:29:05+09:00	旅と言葉
410116732X	女たちよ! (新潮文庫)	2009-10-16T23:28:39+09:00	旅と言葉
4101167311	ヨーロッパ退屈日記 (新潮文庫)	2009-10-16T23:28:38+09:00	旅と言葉
410108601X	一千一秒物語 (新潮文庫)	2009-10-16T23:28:22+09:00	小説
4167708019	プラナリア (文春文庫)	2009-10-16T23:27:57+09:00	小説
400334071X	ガリア戦記 (岩波文庫)	2009-10-16T23:27:40+09:00	社会・哲学
4151723528	頭蓋骨のマントラ〈下〉 (ハヤカワ・ミステリ文庫)	2009-10-16T23:27:11+09:00	小説
4167254468	フーコーの振り子〈下〉 (文春文庫)	2009-10-16T23:26:33+09:00	小説
416725445X	フーコーの振り子〈上〉 (文春文庫)	2009-10-16T23:26:31+09:00	小説
4062747596	失敗学のすすめ (講談社文庫)	2009-10-16T23:26:09+09:00	科学
4847017099	こんな僕でも社長になれた	2009-10-16T23:25:32+09:00	ビジネス
4560006369	CDエクスプレス チベット語	2009-10-16T23:25:07+09:00	旅と言葉
4003103718	寺田寅彦随筆集 (第1巻) (岩波文庫)	2009-10-16T23:24:47+09:00	旅と言葉
4101131031	どくとるマンボウ航海記 (新潮文庫)	2009-10-16T23:23:56+09:00	小説
4101264317	ロックンロールミシン (新潮文庫)	2009-10-16T23:23:17+09:00	小説
4101121168	箱男 (新潮文庫)	2009-10-16T23:22:31+09:00	小説
4101123020	海と毒薬 (新潮文庫)	2009-10-16T23:22:01+09:00	小説
4061340050	創造への飛躍 (講談社文庫)	2009-10-16T23:21:35+09:00	科学
4334781535	西蔵回廊―カイラス巡礼 (知恵の森文庫)	2009-10-16T23:20:32+09:00	旅と言葉
4003342011	古代への情熱―シュリーマン自伝 (岩波文庫)	2009-10-16T23:19:28+09:00	旅と言葉
4887596111	最少の時間と労力で最大の成果を出す「仕組み」仕事術	2009-10-16T23:09:04+09:00	ビジネス
4163697705	その数学が戦略を決める	2009-10-16T23:11:34+09:00	ビジネス
4532313783	フラット化する世界 [増補改訂版] (下)	2009-10-16T23:12:05+09:00	ビジネス
4532313775	フラット化する世界 [増補改訂版] (上)	2009-10-16T23:12:04+09:00	ビジネス
439524002X	超合法建築図鑑 (建築文化シナジー)	2009-10-16T23:03:06+09:00	土木・建築・都市
4395007597	都市の水辺をデザインする―グラウンドスケープデザイン群団奮闘記	2009-10-16T23:03:35+09:00	土木・建築・都市
4102116036	居酒屋 (新潮文庫 (ソ-1-3))	2009-10-16T23:17:04+09:00	小説
4093877904	地球を救うエコ数字―数から読み解くぼくらの未来	2009-10-16T23:09:34+09:00	ビジネス
4844134930	東京町工場	2009-10-16T23:09:44+09:00	美術・デザイン
4532313562	コーチングの神様が教える「できる人」の法則	2009-10-16T23:08:08+09:00	ビジネス
4151200517	わたしを離さないで (ハヤカワepi文庫)	2009-10-16T23:06:55+09:00	小説
4798100234	イノベーションのジレンマ―技術革新が巨大企業を滅ぼすとき (Harvard business school press)	2009-10-16T23:06:07+09:00	ビジネス
4151200037	日の名残り (ハヤカワepi文庫)	2009-10-16T23:06:46+09:00	小説
4906371388	カルロ・スカルパ 宇宙を夢みた庭―ブジナーロ邸のためのプロジェクト	2009-10-16T23:04:58+09:00	土木・建築・都市
4763004123	デザイン曼荼羅―50 keywords	2009-10-16T23:03:59+09:00	美術・デザイン
4122018919	レス・ザン・ゼロ (中公文庫)	2009-10-16T23:15:23+09:00	小説
4151200053	心臓抜き (ハヤカワepi文庫)	2009-10-16T23:16:28+09:00	小説
0140276335	White Teeth	2009-10-16T23:02:14+09:00	小説
416730970X	毛沢東の私生活〈上〉 (文春文庫)	2009-10-16T23:14:45+09:00	社会・哲学
4167309718	毛沢東の私生活〈下〉 (文春文庫)	2009-10-16T23:14:46+09:00	社会・哲学
4000240056	デザインのデザイン	2009-10-16T22:59:11+09:00	美術・デザイン
4872751035	団地再生計画/みかんぐみのリノベーションカタログ (10+1 series)	2009-10-16T22:58:24+09:00	土木・建築・都市
4121015908	風景学・実践篇―風景を目ききする (中公新書)	2009-10-16T22:57:38+09:00	土木・建築・都市
4871406636	安藤忠雄建築手法	2009-10-16T22:56:56+09:00	土木・建築・都市
4130638009	建築を語る	2009-10-16T22:56:56+09:00	土木・建築・都市
4130638041	連戦連敗	2009-10-16T22:56:47+09:00	土木・建築・都市
4062128519	アースダイバー	2009-10-16T22:56:27+09:00	社会・哲学
4621074156	グラウンドスケープ宣言―土木・建築・都市 デザインの戦場へ	2009-10-16T22:54:28+09:00	土木・建築・都市
4900456667	建築のはじまりに向かって	2009-10-16T22:54:22+09:00	土木・建築・都市
4395111173	内藤廣/インナースケープのディテール	2009-10-16T22:54:21+09:00	土木・建築・都市
4860730402	構造デザイン講義	2009-10-16T22:54:16+09:00	土木・建築・都市
4899770855	デザイン図鑑+ナグモノガタリ	2009-10-16T22:53:32+09:00	美術・デザイン
3822821128	Carlo Scarpa	2009-10-16T22:52:47+09:00	土木・建築・都市
4767802431	ル・コルビュジエー建築・家具・人間・旅の全記録 (エクスナレッジムック)	2009-10-16T22:51:52+09:00	土木・建築・都市
477412379X	ブログ自由自在 Movable Type 上級カスタマイズ術	2009-10-16T22:49:45+09:00	コンピュータ
4756146759	俺流amazonの作り方―Amazon Webサービス最新活用テクニック	2009-10-16T22:49:26+09:00	コンピュータ
4797327073	自分で作る blog ツール	2009-10-16T22:48:51+09:00	コンピュータ
4797332646	入門 Ajax	2009-10-16T22:48:24+09:00	コンピュータ
4873112788	Java Swing Hacks ―今日から使える驚きのGUIプログラミング集	2009-10-16T22:47:28+09:00	コンピュータ
4048676067	自作アプリをApp Storeで世界に向けて販売できる!! iPhone SDKプログラミング大全 (MacPeople Books)	2009-10-16T22:46:44+09:00	コンピュータ
9993258768	Computers and the Imagination: Visual Adventures Beyond the Edge/304012	2009-10-16T22:46:11+09:00	コンピュータ
4403210880	翻訳教室	2009-10-16T22:43:03+09:00	旅と言葉
4794965850	自分の仕事をつくる	2009-10-16T22:42:41+09:00	ビジネス
479496501X	印刷に恋して	2009-10-16T22:42:18+09:00	美術・デザイン
4152087366	イノベーションの達人!―発想する会社をつくる10の人材	2009-10-16T22:41:29+09:00	ビジネス
415208426X	発想する会社! ― 世界最高のデザイン・ファームIDEOに学ぶイノベーションの技法	2009-10-16T22:41:27+09:00	ビジネス
4877832068	拡張現実感を実現するARToolkitプログラミングテクニック	2009-10-16T22:41:01+09:00	コンピュータ
4568502772	欧文書体―その背景と使い方 (新デザインガイド)	2009-10-16T22:40:16+09:00	美術・デザイン
059600978X	Enterprise Javabeans 3.0	2009-10-12T23:03:28+09:00	コンピュータ
4797338261	Linuxカーネル2.6解読室	2009-10-12T23:02:23+09:00	コンピュータ
4839931674	Flashで作る AIRアプリケーション レシピブック (Web Designing BOOKS)	2009-10-12T23:01:38+09:00	コンピュータ
4798116300	FLASH OOP for ActionScript 3.0	2009-10-12T23:01:32+09:00	コンピュータ
4255004323	単純な脳、複雑な「私」	2009-10-12T21:08:53+09:00	科学
4478300755	短期間で組織が変わる　行動科学マネジメント	2009-10-12T21:08:20+09:00	ビジネス
4820717251	「残業ゼロ」の人生力	2009-10-12T21:07:25+09:00	ビジネス
4820717138	「残業ゼロ」の仕事力	2009-10-12T21:07:24+09:00	ビジネス
4004306426	経営革命の構造 (岩波新書)	2009-10-12T21:04:42+09:00	ビジネス
4416608543	グッドデザインカンパニーの仕事―1998‐2008	2009-10-12T21:04:04+09:00	美術・デザイン
4873112648	プログラミングC#―C#2.0/.NET2.0/Visual Studio2005対応	2009-10-12T20:59:43+09:00	コンピュータ
4309907601	+81 VOL.39	2009-10-12T21:03:39+09:00	美術・デザイン
4309906796	+81 vol.32 Graphic Design issue	2009-10-12T21:02:53+09:00	美術・デザイン
0870707329	Design and the Elastic Mind	2009-10-12T21:05:07+09:00	美術・デザイン
4777513661	はじめてのGainerプログラミングガイド (I・O BOOKS)	2009-10-12T21:01:54+09:00	コンピュータ
4844325396	Webデザインの「プロだから考えること」	2009-10-12T21:01:47+09:00	美術・デザイン
4822242633	ビジョナリー・カンパニー 2 - 飛躍の法則	2009-10-12T21:00:53+09:00	ビジネス
4822740315	ビジョナリー・カンパニー ― 時代を超える生存の原則	2009-10-12T21:00:49+09:00	ビジネス
4873110831	入門vi 第6版	2009-10-12T21:00:40+09:00	コンピュータ
4797347783	アジャイルソフトウェア開発の奥義 第2版 オブジェクト指向開発の神髄と匠の技	2009-10-12T20:33:25+09:00	コンピュータ
4492313788	ヤバい経済学 [増補改訂版]	2009-10-12T21:07:48+09:00	社会・哲学
4492555986	地頭力を鍛える 問題解決に活かす「フェルミ推定」	2009-10-12T21:07:05+09:00	ビジネス
4532313953	知りたいことは「面」に聞け!―分析力と表現力を強化する思考法:面発想	2009-10-12T21:06:20+09:00	ビジネス
427000262X	決算書の暗号を解け! ダメ株を見破る投資のルール	2009-10-12T21:06:06+09:00	ビジネス
4198624887	ビジネス・マナーの法則―男の品格アップ!	2009-10-12T21:06:39+09:00	ビジネス
4422101013	ハンディーカーネギー・ベスト (３冊セット)	2009-10-12T21:05:22+09:00	ビジネス
0980455200	Simply Rails 2	2009-10-12T20:59:04+09:00	コンピュータ
4822282287	J2EEパターン 第2版	2009-10-12T20:58:51+09:00	コンピュータ
4797341866	Javaネットワークプログラミングの真髄	2009-10-12T20:58:42+09:00	コンピュータ
4757215444	面白いことをとことんやれば、「起業」は必ずうまくいく。 フレッシュネスバーガー社長の現場的発想法	2009-10-12T20:58:26+09:00	ビジネス
4592145135	3月のライオン 3 (ジェッツコミックス)	2009-10-12T20:58:05+09:00	漫画
4592145127	3月のライオン 2 (ジェッツコミックス)	2009-10-12T20:58:04+09:00	漫画
4592145119	3月のライオン (1) (ジェッツコミックス)	2009-10-12T20:58:03+09:00	漫画
4839922381	インタラクションデザインの教科書 (DESIGN IT! BOOKS)	2009-10-12T20:48:02+09:00	美術・デザイン
4569701930	脳を活かす仕事術	2009-10-12T20:57:50+09:00	ビジネス
4478733341	外資系トップの仕事力―経営プロフェッショナルはいかに自分を磨いたか	2009-10-12T20:57:35+09:00	ビジネス
447979218X	レバレッジ勉強法	2009-10-12T20:57:27+09:00	ビジネス
4344980395	レバレッジ時間術―ノーリスク・ハイリターンの成功原則 (幻冬舎新書)	2009-10-12T20:57:16+09:00	ビジネス
4777513327	GLUTによるOpenGL入門2 テクスチャマッピング ［CD-ROM付］	2009-10-12T20:56:59+09:00	コンピュータ
4492042695	レバレッジ・リーディング	2009-10-12T20:56:48+09:00	ビジネス
447800532X	戦略コンサルティング・ファームの面接試験―難関突破のための傾向と対策	2009-10-12T20:56:31+09:00	ビジネス
4798115819	BEST SOFTWARE WRITING	2009-10-12T20:56:18+09:00	コンピュータ
4873112915	PHP Hacks ―プロが教えるWebプログラミングテクニック	2007-10-12T20:55:57+09:00	コンピュータ
4873111269	初めてのPerl	2007-10-12T20:55:40+09:00	コンピュータ
0596514557	Visualizing Data	2009-10-12T20:54:46+09:00	コンピュータ
4822222969	藤田晋の仕事学 自己成長を促す77の新セオリー	2009-10-12T20:53:45+09:00	ビジネス
4062575388	進化しすぎた脳 (ブルーバックス)	2009-10-12T20:53:14+09:00	科学
0262134748	Designing Interactions	2009-10-12T20:51:35+09:00	美術・デザイン
4309408710	退屈論 (河出文庫)	2009-10-12T20:53:23+09:00	社会・哲学
4872835905	.fla―Idea of Flash Creation	2009-10-12T20:54:14+09:00	コンピュータ
0961392142	The Visual Display of Quantitative Information	2009-10-12T20:51:18+09:00	美術・デザイン
4478490341	問題発見プロフェッショナル―「構想力と分析力」	2009-10-12T20:50:36+09:00	ビジネス
4478490228	問題解決プロフェッショナル「思考と技術」	2009-10-12T20:50:25+09:00	ビジネス
4478490279	考える技術・書く技術―問題解決力を伸ばすピラミッド原則	2009-10-12T20:50:16+09:00	ビジネス
4798014028	ポケット図解 チャン・キムとモボルニュの「ブルー・オーシャン戦略」がわかる本―競争のない未開拓市場を創る! (Shuwasystem Business Guide Book)	2009-10-12T20:50:03+09:00	ビジネス
4270000708	ブルー・オーシャン戦略 競争のない世界を創造する (Harvard business school press)	2009-10-12T20:50:01+09:00	ビジネス
4797337397	マッキンゼー式 世界最強の問題解決テクニック (ソフトバンク文庫)	2009-10-12T20:49:48+09:00	ビジネス
4797337389	マッキンゼー式 世界最強の仕事術 (ソフトバンク文庫)	2009-10-12T20:49:47+09:00	ビジネス
4334742769	色即ぜねれいしょん (光文社文庫)	2009-10-12T20:49:37+09:00	小説
4492520813	知識創造企業	2009-10-12T20:49:18+09:00	ビジネス
4062821117	一流になる力 ビジネスで勝ち残るための教科書 (講談社BIZ)	2009-10-12T20:48:59+09:00	ビジネス
4532313864	知識デザイン企業	2009-10-12T20:48:36+09:00	ビジネス
4837923100	働き方―「なぜ働くのか」「いかに働くのか」	2009-10-12T20:48:17+09:00	ビジネス
4274065944	クロフォードのインタラクティブデザイン論	2009-10-12T20:47:37+09:00	美術・デザイン
4087713032	宵山万華鏡	2009-10-12T20:44:51+09:00	小説
4396632797	新釈 走れメロス 他四篇	2009-10-12T20:45:01+09:00	小説
4344013840	有頂天家族	2009-10-12T20:45:06+09:00	小説
4101290520	きつねのはなし (新潮文庫)	2009-10-12T20:45:21+09:00	小説
4591108759	恋文の技術	2009-10-12T20:44:57+09:00	小説
433492624X	美女と竹林	2009-10-12T20:45:07+09:00	旅と言葉
4101290512	太陽の塔 (新潮文庫)	2009-10-12T20:44:47+09:00	小説
404387801X	四畳半神話大系 (角川文庫)	2009-10-12T20:44:56+09:00	小説
4043878028	夜は短し歩けよ乙女 (角川文庫)	2009-10-12T20:44:55+09:00	小説
416327880X	プリンセス・トヨトミ	2009-10-12T20:45:35+09:00	小説
4048738143	ホルモー六景	2009-10-12T20:45:38+09:00	小説
4043939019	鴨川ホルモー (角川文庫)	2009-10-12T20:45:24+09:00	小説
4492556079	シンプリシティの法則	2009-10-12T20:43:59+09:00	科学
4873113407	Pythonチュートリアル	2009-10-12T20:44:15+09:00	コンピュータ
4797341815	みんなのPython Webアプリ編 [みんなのシリーズ]	2009-10-12T20:44:18+09:00	コンピュータ
4797353953	みんなのPython 改訂版	2009-10-12T20:44:13+09:00	コンピュータ
4532352606	ウォール街のランダム・ウォーカー 株式投資の不滅の真理	2009-10-12T20:43:44+09:00	ビジネス
4906638015	7つの習慣―成功には原則があった!	2009-10-12T20:43:32+09:00	ビジネス
4872903439	新版 28歳からのリアル	2009-10-12T20:43:23+09:00	ビジネス
4532314070	[実学・経営問答]人を生かす	2009-10-12T20:42:21+09:00	ビジネス
4532314046	最高の成果を生み出す 6つのステップ	2009-10-12T20:42:02+09:00	ビジネス
4532149479	さあ、才能(じぶん)に目覚めよう―あなたの5つの強みを見出し、活かす	2009-10-12T20:41:50+09:00	ビジネス
4478300593	プロフェッショナルの条件―いかに成果をあげ、成長するか (はじめて読むドラッカー (自己実現編))	2009-10-12T20:41:42+09:00	ビジネス
4152089180	人類が消えた世界	2009-10-12T20:41:28+09:00	科学
4062880008	世界は分けてもわからない (講談社現代新書)	2009-10-12T20:41:12+09:00	科学
4061498916	生物と無生物のあいだ (講談社現代新書)	2009-10-12T20:41:10+09:00	科学
4822246647	戦略的データマイニング アスクルの事例で学ぶ	2009-10-12T20:42:48+09:00	ビジネス
4384041071	世界の測量 ガウスとフンボルトの物語	2009-10-12T20:40:47+09:00	科学
4492554912	バランス・スコアカード導入ハンドブック―戦略立案からシステム化まで	2009-10-12T20:35:49+09:00	ビジネス
4900594946	文化力―日本の底力	2009-10-12T20:35:29+09:00	旅と言葉
4062820005	ドラッカーの遺言 (講談社BIZ)	2009-10-12T20:35:22+09:00	ビジネス
480613418X	私が学んだ、非常時の松下経営	2009-10-12T20:35:12+09:00	ビジネス
4891120983	日経キーワード重要500 2010年度版	2009-10-12T20:35:03+09:00	ビジネス
456961941X	働くひとのためのキャリア・デザイン (PHP新書)	2009-10-12T20:34:50+09:00	ビジネス
4274064409	C言語によるプログラミング 基礎編	2009-10-12T20:34:13+09:00	コンピュータ
4274064875	C言語によるプログラミング 応用編	2009-10-12T20:34:11+09:00	コンピュータ
4797346809	詳解 Objective-C 2.0	2009-10-12T20:33:58+09:00	コンピュータ
427406526X	ゲーム開発のための物理シミュレーション入門―Physics for Game Developers	2009-10-12T20:40:35+09:00	コンピュータ
4797331623	増補改訂版 Java言語で学ぶデザインパターン入門 マルチスレッド編	2009-10-12T20:33:47+09:00	コンピュータ
4797327030	増補改訂版Java言語で学ぶデザインパターン入門	2009-10-12T20:33:46+09:00	コンピュータ
4894714361	Effective Java プログラミング言語ガイド	2009-10-12T20:33:02+09:00	コンピュータ
4873113776	実例で学ぶゲーム3D数学	2009-10-12T20:31:21+09:00	コンピュータ
4798116858	企業情報システムアーキテクチャ	2009-10-12T20:31:10+09:00	コンピュータ
0596154054	iPhone SDK Application Development	2009-10-12T20:30:45+09:00	コンピュータ
0321555457	iPhone Developer’s Cookbook, The: Building Applications with the iPhone SDK (Developer's Library)	2009-10-12T20:30:21+09:00	コンピュータ
1430216085	AdvancED ActionScript 3.0 Animation	2009-10-12T20:29:54+09:00	コンピュータ
1430218711	Foundation ActionScript 3.0 Image Effects (Foundations)	2009-10-12T20:29:50+09:00	コンピュータ
4478500908	デザインマインドカンパニー―競争優位を創造する戦略的武器	2009-10-12T20:27:09+09:00	ビジネス
4101153515	面白南極料理人 (新潮文庫)	2009-10-12T20:26:46+09:00	小説
4761522658	実測術―サーベイで都市を読む・建築を学ぶ	2006-05-01T11:03:31+09:00	土木・建築・都市
4861911400	ニュートラル(7) NEUTRAL 美しきインドのこころ (白夜ムック238)	2006-05-01T11:02:33+09:00	旅と言葉
4761531363	歴史を未来につなぐ まちづくり・みちづくり	2006-04-10T15:10:29+09:00	土木・建築・都市
4320121503	コンピュータ囲碁の入門	2009-10-16T22:49:58+09:00	囲碁
4003200519	李白詩選 (岩波文庫)	2006-04-10T15:08:47+09:00	旅と言葉
4798010928	Web標準の教科書―XHTMLとCSSでつくる“正しい”Webサイト	2006-04-10T15:07:10+09:00	コンピュータ
4798011967	AJAX Webアプリケーション アイデアブック	2006-04-10T15:06:16+09:00	コンピュータ
4306072517	GROUNDSCAPE 篠原修の風景デザイン	2006-04-10T15:05:16+09:00	土木・建築・都市
4104350052	意中の建築 下巻	2006-04-10T15:04:27+09:00	土木・建築・都市
4048838865	どうせ死んでしまう・・・・・・私は哲学病 (私は哲学病。)	2009-10-16T23:43:28+09:00	社会・哲学
4061594818	哲学の教科書 (講談社学術文庫)	2009-10-16T23:44:07+09:00	社会・哲学
4167216019	ちょっとピンぼけ (文春文庫)	2006-04-10T01:33:04+09:00	旅と言葉
4582532101	技術屋(エンジニア)の心眼	2006-03-01T00:30:08+09:00	土木・建築・都市
4837320147	文様博物館 (マールカラー文庫)	2006-01-28T11:27:55+09:00	
4043434014	アイデン&ティティ―24歳/27歳 (角川文庫)	2006-01-19T23:08:19+09:00	漫画
B000BR2PJQ	全日本コール選手権 with みうらじゅん [DVD]	2006-01-19T23:08:04+09:00	
4101183147	海馬―脳は疲れない (新潮文庫)	2006-01-12T09:55:12+09:00	科学
4839919070	世界の「最先端」事例に学ぶCSSプロフェッショナル・スタイル （Web Designing Books）	2006-01-04T21:22:25+09:00	コンピュータ
4794211090	エレガントな宇宙―超ひも理論がすべてを解明する	2005-12-01T16:25:34+09:00	科学
4860730232	建築的思考のゆくえ	2005-11-25T03:50:09+09:00	土木・建築・都市
4306044262	都市、この小さな惑星の	2005-11-25T03:49:16+09:00	土木・建築・都市
4253056016	グラップラー刃牙 (28) (少年チャンピオン・コミックス)	2005-11-25T03:45:31+09:00	漫画
4309407587	インストール (河出文庫)	2005-11-22T22:17:47+09:00	小説
4873112354	Flash Hacks ―プロが教えるテクニック&ツール100選	2005-11-22T22:17:23+09:00	コンピュータ
4395007147	永遠の空間―描かれた世界遺産	2005-11-22T22:15:20+09:00	土木・建築・都市
4893679422	ニュートラル(1) NEUTRAL 美しきイスラムという場所	2005-11-12T14:39:06+09:00	旅と言葉
4150502366	ワンダフル・ライフ―バージェス頁岩と生物進化の物語 (ハヤカワ文庫NF)	2005-11-12T14:37:48+09:00	科学
4167661519	前日島(上) (文春文庫)	2005-11-12T14:27:41+09:00	小説
4839912726	グラフィックデザイナーのためのレイアウトデザインの法則―Making and Breaking the Grid	2005-11-12T14:25:48+09:00	
439510018X	景観用語事典	2005-11-12T14:19:12+09:00	土木・建築・都市
4621076140	都市の鍼治療―元クリチバ市長の都市再生術	2005-11-12T14:16:56+09:00	土木・建築・都市
4480420118	ニガヨモギ (ちくま文庫)	2005-11-12T14:16:29+09:00	漫画
4839913544	Illustrator10 自動化作戦 with JavaScript	2005-11-12T14:14:28+09:00	
1864503173	Lonely Planet Italian: Phrasebook (Lonely Planet. Italian Phrasebook)	2005-11-12T14:12:32+09:00	旅と言葉
4334032915	さおだけ屋はなぜ潰れないのか? 身近な疑問からはじめる会計学 (光文社新書)	2009-10-16T23:40:25+09:00	ビジネス
4789911349	実用 スノーボードの科学―理屈を知れば上達も早い!!	2005-11-12T14:06:36+09:00	
410113152X	どくとるマンボウ青春記 (新潮文庫)	2005-11-12T13:58:41+09:00	小説
4416799519	棋力アップ さわやか詰碁	2005-11-12T13:58:29+09:00	囲碁
4873651859	李昌鎬の中盤戦略〈1〉打ち込みとエグリ (世界最強!李昌鎬の中盤戦略 (1))	2005-11-12T13:58:19+09:00	囲碁
4167105675	竜馬がゆく〈1〉 (文春文庫)	2005-11-12T13:58:03+09:00	小説
3822830119	Alvaro Siza	2005-11-12T11:47:08+09:00	土木・建築・都市
4102451048	ムーン・パレス (新潮文庫)	2005-11-12T11:47:03+09:00	小説
416713103X	ヨーロッパ退屈日記 (文春文庫 131-3)	2005-11-12T11:46:57+09:00	
B00018GXXO	サルサ! [DVD]	2005-11-12T03:43:45+09:00	
4309460062	路上 (河出文庫 505A)	2005-11-12T03:36:52+09:00	小説
4786901865	建築虎の穴見聞録―訪ねて歩く材料と工法	2005-11-12T03:30:12+09:00	土木・建築・都市
4860520181	瞬きもせずに	2005-11-12T03:19:37+09:00	
4887830319	シーレ (ニューベーシック) (ニュー・ベーシック・アート・シリーズ)	2005-11-12T03:16:17+09:00	美術・デザイン
4062081016	犬と鬼－知られざる日本の肖像－	2005-11-12T03:08:34+09:00	
4873112575	初めてのPHP5	2005-11-12T03:07:09+09:00	
4582476317	完全言語の探求 (叢書ヨーロッパ)	2005-11-12T03:05:45+09:00	
4105393014	フェルマーの最終定理―ピュタゴラスに始まり、ワイルズが証明するまで	2005-11-12T03:03:03+09:00	
4895630072	ノンデザイナーズ・デザインブック	2005-11-12T03:02:10+09:00	
4872575334	失踪日記	2005-11-12T02:58:31+09:00	
4048836862	ラーメン界のすべてを知る男 博多一風堂・河原成美が選ぶうまかラーメン115軒―これを食わんでラーメンが語れるか!	2009-10-16T23:39:27+09:00	グルメ・料理
4560005133	エクスプレス チベット語 (＜テキスト＞)	2005-11-12T02:56:07+09:00	
4560005508	CDエクスプレスタイ語 (＜ＣＤ＋テキスト＞)	2005-11-12T02:55:26+09:00	
4095157011	朝鮮語辞典	2005-11-12T02:54:59+09:00	
4478075069	チベット〈2000‐2001版〉 (地球の歩き方)	2005-11-12T02:54:23+09:00	
4167651092	ダライ・ラマ自伝 (文春文庫)	2005-11-12T02:53:54+09:00	
4309722253	カベ攻めの極意―モヨウをも攻めるべきと、発想の転換をうながす (新・木谷道場入門)	2005-11-12T02:53:39+09:00	
4488013511	薔薇の名前〈上〉	2005-11-12T02:26:30+09:00	
4151723544	シルクロードの鬼神〈下〉 (ハヤカワ・ミステリ文庫)	2009-10-16T23:54:58+09:00	小説
4151723536	シルクロードの鬼神〈上〉 (ハヤカワ・ミステリ文庫)	2009-10-16T23:54:57+09:00	小説
415172351X	頭蓋骨のマントラ〈上〉 (ハヤカワ・ミステリ文庫)	2005-11-12T02:25:43+09:00	小説
4102148116	日々の泡 (新潮文庫)	2005-11-12T02:05:56+09:00	小説
4062582120	ドゥルーズ　流動の哲学 (講談社選書メチエ)	2009-10-16T23:44:24+09:00	社会・哲学
0375707972	The Reader: A novel (Vintage International)	2009-10-16T23:45:11+09:00	小説
4105900188	朗読者 (新潮クレスト・ブックス)	2009-10-16T23:44:51+09:00	小説
4087470164	傭兵ピエール(下) (集英社文庫)	2009-10-16T23:18:40+09:00	小説
4087470156	傭兵ピエール(上) (集英社文庫)	2009-10-16T23:18:38+09:00	小説
0684865742	Tis: A Memoir	2009-10-16T23:53:15+09:00	小説
0684843137	Angela's Ashes	2009-10-16T23:50:54+09:00	小説
